{
	"id": "e78781d3-95a9-4fba-8eab-34a117420db3",
	"name": "LTL Scenario",
	"values": [
		{
			"key": "CPI_POST_FO_BASE_URL",
			"value": "https://l20398-iflmap.hcisbp.eu1.hana.ondemand.com",
			"enabled": true
		},
		{
			"key": "CPI_POST_EVENT_BASE_URL",
			"value": "https://l20398-iflmap.hcisbp.eu1.hana.ondemand.com",
			"enabled": true
		},
		{
			"key": "CARRIER_LBN",
			"value": "",
			"enabled": true
		},
		{
			"key": "TransportationOrderID",
			"value": "",
			"enabled": true
		},
		{
			"key": "CreationDateTime",
			"value": "",
			"enabled": true
		},
		{
			"key": "ExpectedDepartureDateTime",
			"value": "",
			"enabled": true
		},
		{
			"key": "ExpectedArrivalDateTime",
			"value": "",
			"enabled": true
		},
		{
			"key": "LOAD_BEGIN_BusinessExpectedDateTime",
			"value": "",
			"enabled": true
		},
		{
			"key": "LOAD_BEGIN_TechnicalExpectedDateTime",
			"value": "",
			"enabled": true
		},
		{
			"key": "LOAD_END_BusinessExpectedDateTime",
			"value": "",
			"enabled": true
		},
		{
			"key": "LOAD_END_TechnicalExpectedDateTime",
			"value": "",
			"enabled": true
		},
		{
			"key": "DEPARTURE_BusinessExpectedDateTime",
			"value": "",
			"enabled": true
		},
		{
			"key": "DEPARTURE_TechnicalExpectedDateTime",
			"value": "",
			"enabled": true
		},
		{
			"key": "ARRIV_DEST_BusinessExpectedDateTime",
			"value": "",
			"enabled": true
		},
		{
			"key": "ARRIV_DEST_TechnicalExpectedDateTime",
			"value": "",
			"enabled": true
		},
		{
			"key": "UNLOAD_BEGIN_BusinessExpectedDateTime",
			"value": "",
			"enabled": true
		},
		{
			"key": "UNLOAD_BEGIN_TechnicalExpectedDateTime",
			"value": "",
			"enabled": true
		},
		{
			"key": "UNLOAD_END_BusinessExpectedDateTime",
			"value": "",
			"enabled": true
		},
		{
			"key": "UNLOAD_END_TechnicalExpectedDateTime",
			"value": "",
			"enabled": true
		},
		{
			"key": "DELIVERED_BusinessExpectedDateTime",
			"value": "",
			"enabled": true
		},
		{
			"key": "DELIVERED_TechnicalExpectedDateTime",
			"value": "",
			"enabled": true
		},
		{
			"key": "POD_BusinessExpectedDateTime",
			"value": "",
			"enabled": true
		},
		{
			"key": "POD_TechnicalExpectedDateTime",
			"value": "",
			"enabled": true
		},
		{
			"key": "SOURCE_LOC_EXT_ID",
			"value": "LBN_NUTS_CN",
			"enabled": true
		},
		{
			"key": "DEST_LOC_EXT_ID",
			"value": "LBN_PORT_GA",
			"enabled": true
		},
		{
			"key": "SHIPPER_LBN_ID",
			"value": "",
			"enabled": true
		},
		{
			"key": "username",
			"value": "",
			"enabled": true
		},
		{
			"key": "password",
			"value": "",
			"enabled": true
		},
		{
			"key": "networkPartnerLBNID",
			"value": "",
			"enabled": true
		},
		{
			"key": "JWT_FOR_POSTING_EVENTS",
			"value": "",
			"enabled": true
		}
	],
	"_postman_variable_scope": "environment",
	"_postman_exported_at": "2021-08-31T10:25:12.920Z",
	"_postman_exported_using": "Postman/8.11.1"
}