{
	"id": "2fea89d7-34a0-4eb8-a0f1-c158ff439b4f",
	"name": "Ocean FCL Scenario",
	"values": [
		{
			"key": "CPI_POST_FO_BASE_URL",
			"value": "https://l20398-iflmap.hcisbp.eu1.hana.ondemand.com",
			"enabled": true
		},
		{
			"key": "CPI_POST_EVENT_BASE_URL",
			"value": "https://l20398-iflmap.hcisbp.eu1.hana.ondemand.com",
			"enabled": true
		},
		{
			"key": "CARRIER_LBN",
			"value": "",
			"enabled": true
		},
		{
			"key": "SHIPPER_LBN_ID",
			"value": "",
			"enabled": true
		},
		{
			"key": "username",
			"value": "",
			"enabled": true
		},
		{
			"key": "password",
			"value": "",
			"enabled": true
		},
		{
			"key": "NetworkPartnerLBNID",
			"value": "",
			"enabled": true
		},
		{
			"key": "TransportationOrderID",
			"value": "1626699537",
			"enabled": true
		},
		{
			"key": "CreationDateTime",
			"value": "",
			"enabled": true
		},
		{
			"key": "ExpectedDepartureDateTime",
			"value": "",
			"enabled": true
		},
		{
			"key": "ExpectedArrivalDateTime",
			"value": "",
			"enabled": true
		},
		{
			"key": "SOURCE_LOC_EXT_ID",
			"value": "LBN_PORT_HH",
			"enabled": true
		},
		{
			"key": "DEST_LOC_EXT_ID",
			"value": "LBN_PORT_NY",
			"enabled": true
		},
		{
			"key": "ARRIV_DEST_TRUCK_POO_ExpectedDateTime",
			"value": "",
			"enabled": true
		},
		{
			"key": "GATEIN_START_TRUCK_POO_ExpectedDateTime",
			"value": "",
			"enabled": true
		},
		{
			"key": "GATEIN_END_TRUCK_POO_ExpectedDateTime",
			"value": "",
			"enabled": true
		},
		{
			"key": "UNLOAD_BEGIN_CONTAINER_POO_ExpectedDateTime",
			"value": "",
			"enabled": true
		},
		{
			"key": "UNLOAD_END_CONTAINER_POO_ExpectedDateTime",
			"value": "",
			"enabled": true
		},
		{
			"key": "RECEIVE_CONTAINER_POO_ExpectedDateTime",
			"value": "",
			"enabled": true
		},
		{
			"key": "ARRIV_DEST_VESSEL_POO_ExpectedDateTime",
			"value": "",
			"enabled": true
		},
		{
			"key": "LOAD_BEGIN_VESSEL_POO_ExpectedDateTime",
			"value": "",
			"enabled": true
		},
		{
			"key": "LOAD_END_VESSEL_POO_ExpectedDateTime",
			"value": "",
			"enabled": true
		},
		{
			"key": "DEPARTURE_VESSEL_POO_ExpectedDateTime",
			"value": "",
			"enabled": true
		},
		{
			"key": "ARRIV_DEST_VESSEL_POD_ExpectedDateTime",
			"value": "",
			"enabled": true
		},
		{
			"key": "UNLOAD_BEGIN_CONTAINER_POD_ExpectedDateTime",
			"value": "",
			"enabled": true
		},
		{
			"key": "UNLOAD_END_CONTAINER_POD_ExpectedDateTime",
			"value": "",
			"enabled": true
		},
		{
			"key": "ARRIV_DEST_TRUCK_POD_ExpectedDateTime",
			"value": "",
			"enabled": true
		},
		{
			"key": "GATEIN_START_TRUCK_POD_ExpectedDateTime",
			"value": "",
			"enabled": true
		},
		{
			"key": "GATEIN_END_TRUCK_POD_ExpectedDateTime",
			"value": "",
			"enabled": true
		},
		{
			"key": "LOAD_BEGIN_VESSEL_POD_ExpectedDateTime",
			"value": "",
			"enabled": true
		},
		{
			"key": "LOAD_END_VESSEL_POD_ExpectedDateTime",
			"value": "",
			"enabled": true
		},
		{
			"key": "GATEOUT_START_TRUCK_POD_ExpectedDateTime",
			"value": "",
			"enabled": true
		},
		{
			"key": "GATEOUT_END_TRUCK_POD_ExpectedDateTime",
			"value": "",
			"enabled": true
		},
		{
			"key": "DEPARTURE_TRUCK_POD_ExpectedDateTime",
			"value": "",
			"enabled": true
		},
		{
			"key": "DELIVERED_BusinessExpectedDateTime",
			"value": "",
			"enabled": true
		},
		{
			"key": "POD_BusinessExpectedDateTime",
			"value": "",
			"enabled": true
		},
		{
			"key": "TRANS_SHIP_LOC_EXT_ID",
			"value": "LBN_PORT_LIS",
			"enabled": true
		},
		{
			"key": "ARRIV_DEST_TRUCK_TP_ExpectedDateTime",
			"value": "",
			"enabled": true
		},
		{
			"key": "ARRIV_DEST_VESSEL_TP_ExpectedDateTime",
			"value": "",
			"enabled": true
		},
		{
			"key": "UNLOAD_BEGIN_CONTAINER_TP_ExpectedDateTime",
			"value": "",
			"enabled": true
		},
		{
			"key": "UNLOAD_END_CONTAINER_TP_ExpectedDateTime",
			"value": "",
			"enabled": true
		},
		{
			"key": "LOAD_BEGIN_CONTAINER_TP_ExpectedDateTime",
			"value": "",
			"enabled": true
		},
		{
			"key": "LOAD_END_CONTAINER_TP_ExpectedDateTime",
			"value": "",
			"enabled": true
		},
		{
			"key": "DEPARTURE_VESSEL_TP_ExpectedDateTime",
			"value": "",
			"enabled": true
		},
		{
			"key": "oAuthUrl",
			"value": "oauthasservices-a46089868.hana.ondemand.com",
			"enabled": true
		},
		{
			"key": "GEO-LOC_01-Latitude",
			"value": "53.10457",
			"enabled": true
		},
		{
			"key": "GEO-LOC_01-Longitude",
			"value": "4.621063",
			"enabled": true
		},
		{
			"key": "GEO-LOC_02-Latitude",
			"value": "51.9551",
			"enabled": true
		},
		{
			"key": "GEO-LOC_02-Longitude",
			"value": "2.511688",
			"enabled": true
		},
		{
			"key": "GEO-LOC_03-Latitude",
			"value": "50.44071",
			"enabled": true
		},
		{
			"key": "GEO-LOC_03-Longitude",
			"value": "0.182586",
			"enabled": true
		},
		{
			"key": "GEO-LOC_04-Latitude",
			"value": "49.45098",
			"enabled": true
		},
		{
			"key": "GEO-LOC_04-Longitude",
			"value": "-3.46488",
			"enabled": true
		},
		{
			"key": "GEO-LOC_05-Latitude",
			"value": "48.44086",
			"enabled": true
		},
		{
			"key": "GEO-LOC_05-Longitude",
			"value": "-5.57425",
			"enabled": true
		},
		{
			"key": "GEO-LOC_06-Latitude",
			"value": "45.62633",
			"enabled": true
		},
		{
			"key": "GEO-LOC_06-Longitude",
			"value": "-9.26566",
			"enabled": true
		},
		{
			"key": "GEO-LOC_07-Latitude",
			"value": "42.75991",
			"enabled": true
		},
		{
			"key": "GEO-LOC_07-Longitude",
			"value": "-10.2325",
			"enabled": true
		},
		{
			"key": "GEO-LOC_08-Latitude",
			"value": "40.66063",
			"enabled": true
		},
		{
			"key": "GEO-LOC_08-Longitude",
			"value": "-10.1446",
			"enabled": true
		},
		{
			"key": "GEO-LOC_09-Latitude",
			"value": "39.91932",
			"enabled": true
		},
		{
			"key": "GEO-LOC_09-Longitude",
			"value": "-13.9633",
			"enabled": true
		},
		{
			"key": "GEO-LOC_10-Latitude",
			"value": "41.05564",
			"enabled": true
		},
		{
			"key": "GEO-LOC_10-Longitude",
			"value": "-20.8188",
			"enabled": true
		},
		{
			"key": "GEO-LOC_11-Latitude",
			"value": "42.04225",
			"enabled": true
		},
		{
			"key": "GEO-LOC_11-Longitude",
			"value": "-29.7836",
			"enabled": true
		},
		{
			"key": "GEO-LOC_12-Latitude",
			"value": "42.69162",
			"enabled": true
		},
		{
			"key": "GEO-LOC_12-Longitude",
			"value": "-38.309",
			"enabled": true
		},
		{
			"key": "GEO-LOC_13-Latitude",
			"value": "42.82069",
			"enabled": true
		},
		{
			"key": "GEO-LOC_13-Longitude",
			"value": "-45.9555",
			"enabled": true
		},
		{
			"key": "GEO-LOC_14-Latitude",
			"value": "42.69162",
			"enabled": true
		},
		{
			"key": "GEO-LOC_14-Longitude",
			"value": "-52.7231",
			"enabled": true
		},
		{
			"key": "GEO-LOC_15-Latitude",
			"value": "42.36778",
			"enabled": true
		},
		{
			"key": "GEO-LOC_15-Longitude",
			"value": "-59.1391",
			"enabled": true
		},
		{
			"key": "GEO-LOC_16-Latitude",
			"value": "41.91158",
			"enabled": true
		},
		{
			"key": "GEO-LOC_16-Longitude",
			"value": "-65.5551",
			"enabled": true
		},
		{
			"key": "GEO-LOC_17-Latitude",
			"value": "41.51793",
			"enabled": true
		},
		{
			"key": "GEO-LOC_17-Longitude",
			"value": "-69.3344",
			"enabled": true
		},
		{
			"key": "JWT_FOR_POSTING_EVENTS",
			"value": "",
			"enabled": true
		}
	],
	"_postman_variable_scope": "environment",
	"_postman_exported_at": "2021-08-31T10:25:42.450Z",
	"_postman_exported_using": "Postman/8.11.1"
}